id,name,period,date,region,roi_core,l,m,s,rg,by,n_px
id01_20230115_rump,id01,1,20230115,rump,id0120230115_IMG_0001_rump1,0.033473172208271,0.0406237041077381,0.0317463676575952,-0.0968686075407906,-0.00530207050040935,399
id01_20230115_rump_peakred,id01,1,20230115,rump_peakred,id0120230115_IMG_0001_rump1,0.0375086733634153,0.0369036056008176,0.0315326376370849,0.00858470141976811,-0.00567350184503152,80
id01_20230115_rump_peakblue,id01,1,20230115,rump_peakblue,id0120230115_IMG_0001_rump1,0.0311420113263957,0.038478846891284,0.0368730974966014,-0.105220457205662,0.00206266838776153,80
id01_20230115_rump,id01,1,20230115,rump,id0120230115_IMG_0002_rump1,0.0402222360515984,0.0340586402430283,0.0246792242508579,0.0839934248397449,-0.0124612138964554,400
id01_20230115_rump_peakred,id01,1,20230115,rump_peakred,id0120230115_IMG_0002_rump1,0.0430611271608039,0.0288775595964111,0.0247479989556355,0.197348166927745,-0.011221344422972,80
id01_20230115_rump_peakblue,id01,1,20230115,rump_peakblue,id0120230115_IMG_0002_rump1,0.0378171341208781,0.0314933328019576,0.028744162877331,0.0919756082921746,-0.00591107058408687,80
id01_20230302_rump,id01,2,20230302,rump,id0120230302_IMG_0001_rump1,0.03914300697991,0.0348079370834438,0.0193782580627436,0.0592367522753493,-0.0175972139689332,400
id01_20230302_rump_peakred,id01,2,20230302,rump_peakred,id0120230302_IMG_0001_rump1,0.0425305481069853,0.0302325318250833,0.0192252707640484,0.169217807437737,-0.0171562692019859,80
id01_20230302_rump_peakblue,id01,2,20230302,rump_peakblue,id0120230302_IMG_0001_rump1,0.0370562877229354,0.0322294885277094,0.0236778599542408,0.0700989200691647,-0.0109650281710817,80
id01_20230302_rump,id01,2,20230302,rump,id0120230302_IMG_0002_rump1,0.0297760525041353,0.0440373882924839,0.023286143798697,-0.194316186029682,-0.0136205765996126,399
id01_20230302_rump_peakred,id01,2,20230302,rump_peakred,id0120230302_IMG_0002_rump1,0.0340182084092983,0.0407858382874192,0.0232305216547355,-0.0904514875121659,-0.0141715016936233,80
id01_20230302_rump_peakblue,id01,2,20230302,rump_peakblue,id0120230302_IMG_0002_rump1,0.0271408612371066,0.0415381728420365,0.0274950478744569,-0.210312986202245,-0.00684446916511466,80
id01_20230510_rump,id01,3,20230510,rump,id0120230510_IMG_0001_rump1,0.0455074757039339,0.0283845102122163,0.029785606546723,0.233255552126818,-0.00716038641135212,398
id01_20230510_rump_peakred,id01,3,20230510,rump_peakred,id0120230510_IMG_0001_rump1,0.0476201174112058,0.0233099979680858,0.0296949289276489,0.342895680953755,-0.00577012876199694,80
id01_20230510_rump_peakblue,id01,3,20230510,rump_peakblue,id0120230510_IMG_0001_rump1,0.0428447772961512,0.026053060607423,0.0340636621143331,0.244535535612982,-0.000385256837453987,80
id01_20230510_rump,id01,3,20230510,rump,id0120230510_IMG_0002_rump1,0.0495725276060915,0.0241627430043862,0.0264895891959324,0.345997778678518,-0.0103780461093064,399
id01_20230510_rump_peakred,id01,3,20230510,rump_peakred,id0120230510_IMG_0002_rump1,0.0524240330116434,0.0195069715614445,0.0263897895168367,0.458734154256339,-0.00957571276970722,80
id01_20230510_rump_peakblue,id01,3,20230510,rump_peakblue,id0120230510_IMG_0002_rump1,0.0464991161277268,0.0223518607491404,0.0305595894621983,0.351650942565485,-0.00386589897623534,80
id01_20230718_rump,id01,4,20230718,rump,id0120230718_IMG_0001_rump1,0.0458193955416117,0.0282395791944475,0.0269725318324664,0.238951516412323,-0.0100569555355633,399
id01_20230718_rump_peakred,id01,4,20230718,rump_peakred,id0120230718_IMG_0001_rump1,0.0480799330068683,0.023033804898811,0.0274749170590824,0.352827675266931,-0.00808195189375725,80
id01_20230718_rump_peakblue,id01,4,20230718,rump_peakblue,id0120230718_IMG_0001_rump1,0.0435120356431033,0.0257405375368302,0.0317345223849999,0.258513559242954,-0.00289176420496684,80
id01_20230718_rump,id01,4,20230718,rump,id0120230718_IMG_0002_rump1,0.0526900840304108,0.021209354134401,0.0270980712045317,0.428910868681809,-0.00985164787787421,399
id01_20230718_rump_peakred,id01,4,20230718,rump_peakred,id0120230718_IMG_0002_rump1,0.0544368133934132,0.0156023832897157,0.0271180082281454,0.555468109878703,-0.00790159011341908,80
id01_20230718_rump_peakblue,id01,4,20230718,rump_peakblue,id0120230718_IMG_0002_rump1,0.0506676426067792,0.0192239676325581,0.0315896651013654,0.451968377227671,-0.00335614001830326,80
id01_20230925_rump,id01,5,20230925,rump,id0120230925_IMG_0001_rump1,0.0442345707390126,0.0297360750865255,0.0299197351830505,0.196849079255265,-0.00706558772971854,400
id01_20230925_rump_peakred,id01,5,20230925,rump_peakred,id0120230925_IMG_0001_rump1,0.0473536331272529,0.0253258861360246,0.0291806820030957,0.304392222564924,-0.00715907762854308,80
id01_20230925_rump_peakblue,id01,5,20230925,rump_peakblue,id0120230925_IMG_0001_rump1,0.0420148575073921,0.0278790534398645,0.0348545217397788,0.202020808174031,-9.24337338495095e-05,80
id01_20230925_rump,id01,5,20230925,rump,id0120230925_IMG_0002_rump1,0.0462248630484385,0.0280985799615975,0.0264791007236042,0.245148700400816,-0.0106826207814138,400
id01_20230925_rump_peakred,id01,5,20230925,rump_peakred,id0120230925_IMG_0002_rump1,0.048931617159439,0.0231558110358172,0.0274461684647718,0.358087346923779,-0.00859754563285634,80
id01_20230925_rump_peakblue,id01,5,20230925,rump_peakblue,id0120230925_IMG_0002_rump1,0.0448912815185549,0.0248515300019817,0.0308983272224403,0.2873836220335,-0.00397307853782801,80
id02_20230115_rump,id02,1,20230115,rump,id0220230115_IMG_0001_rump1,0.0408709197668572,0.032588631260526,0.0292516170166915,0.113225947576579,-0.00747815849700009,399
id02_20230115_rump_peakred,id02,1,20230115,rump_peakred,id0220230115_IMG_0001_rump1,0.044031024119349,0.0282711938582189,0.0292431651908718,0.218303240867368,-0.00690794379791216,80
id02_20230115_rump_peakblue,id02,1,20230115,rump_peakblue,id0220230115_IMG_0001_rump1,0.0382872980912657,0.0302636890566838,0.0337810404091748,0.117768187010722,-0.000494453164799884,80
id02_20230115_rump,id02,1,20230115,rump,id0220230115_IMG_0002_rump1,0.0359247650799559,0.0382070999209054,0.0262608859980585,-0.0310073349689976,-0.0108050465023721,400
id02_20230115_rump_peakred,id02,1,20230115,rump_peakred,id0220230115_IMG_0002_rump1,0.0394893265555638,0.0341472316490485,0.0262304461800536,0.0724402943668901,-0.0105878329222526,80
id02_20230115_rump_peakblue,id02,1,20230115,rump_peakblue,id0220230115_IMG_0002_rump1,0.0333661072313505,0.0360496276889849,0.031217106538496,-0.0383642552771506,-0.0034907609216717,80
id02_20230302_rump,id02,2,20230302,rump,id0220230302_IMG_0001_rump1,0.0389981988209845,0.0351295961343272,0.0281301412242434,0.0525395729366433,-0.00893375625341249,399
id02_20230302_rump_peakred,id02,2,20230302,rump_peakred,id0220230302_IMG_0001_rump1,0.0422426842792072,0.0304041598562933,0.0282402684901774,0.163339303155544,-0.00808315357757288,80
id02_20230302_rump_peakblue,id02,2,20230302,rump_peakblue,id0220230302_IMG_0001_rump1,0.0363746603083846,0.0336574634195013,0.0326592446356852,0.0377236589588849,-0.00235681722825772,80
id02_20230302_rump,id02,2,20230302,rump,id0220230302_IMG_0002_rump1,0.0408074672964349,0.0326441062358782,0.019114042061503,0.112057812702495,-0.0176117447046535,400
id02_20230302_rump_peakred,id02,2,20230302,rump_peakred,id0220230302_IMG_0002_rump1,0.0440060050891748,0.0278011555126823,0.0184766364668398,0.226004634052074,-0.0174269438340887,80
id02_20230302_rump_peakblue,id02,2,20230302,rump_peakblue,id0220230302_IMG_0002_rump1,0.0379603370324923,0.0303876953995302,0.023345604297541,0.111699539803053,-0.0108284119184703,80
id02_20230510_rump,id02,3,20230510,rump,id0220230510_IMG_0001_rump1,0.0327232906774325,0.0409882382165732,0.0217725474865471,-0.113164163555388,-0.0150832169604557,400
id02_20230510_rump_peakred,id02,3,20230510,rump_peakred,id0220230510_IMG_0001_rump1,0.0374206160535301,0.037470314296259,0.0218932544536465,-0.000870866145927925,-0.015552210721248,80
id02_20230510_rump_peakblue,id02,3,20230510,rump_peakblue,id0220230510_IMG_0001_rump1,0.0300362444116435,0.0386918586034076,0.0261636760726719,-0.127309546039388,-0.00820037543485366,80
id02_20230510_rump,id02,3,20230510,rump,id0220230510_IMG_0002_rump1,0.0343844923820723,0.0393257978337664,0.0306516360580418,-0.0671348677462841,-0.00620350904987755,400
id02_20230510_rump_peakred,id02,3,20230510,rump_peakred,id0220230510_IMG_0002_rump1,0.0383280607010055,0.0353352213609844,0.0304374760508387,0.0409139789197981,-0.00639416498015627,80
id02_20230510_rump_peakblue,id02,3,20230510,rump_peakblue,id0220230510_IMG_0002_rump1,0.0321492385937107,0.0369970227847223,0.0352124957824675,-0.0723977324929057,0.000639365093250995,80
id02_20230718_rump,id02,4,20230718,rump,id0220230718_IMG_0001_rump1,0.0330325159118412,0.04051388160214,0.0301169030885316,-0.102339686734949,-0.00665629566845895,398
id02_20230718_rump_peakred,id02,4,20230718,rump_peakred,id0220230718_IMG_0001_rump1,0.0371724457703303,0.0367418967571662,0.030456457790186,0.00544059727059342,-0.00650071347356224,80
id02_20230718_rump_peakblue,id02,4,20230718,rump_peakblue,id0220230718_IMG_0001_rump1,0.0313491453476147,0.0378463774906082,0.034571663872439,-0.0939300059809361,-2.60975466725108e-05,80
id02_20230718_rump,id02,4,20230718,rump,id0220230718_IMG_0002_rump1,0.0403872851637857,0.0333706875531556,0.0247907091219657,0.0956234899162756,-0.0120882772365049,400
id02_20230718_rump_peakred,id02,4,20230718,rump_peakred,id0220230718_IMG_0002_rump1,0.0437001739149774,0.0286972652884857,0.0245455515515929,0.207764056850442,-0.0116531680501386,80
id02_20230718_rump_peakblue,id02,4,20230718,rump_peakblue,id0220230718_IMG_0002_rump1,0.0384696072235179,0.0306886814263871,0.0293520056317434,0.112452010225061,-0.00522713869320909,80
id02_20230925_rump,id02,5,20230925,rump,id0220230925_IMG_0001_rump1,0.0448928459050184,0.0287981029532078,0.0276862560775174,0.219753202379593,-0.00915921835159574,399
id02_20230925_rump_peakred,id02,5,20230925,rump_peakred,id0220230925_IMG_0001_rump1,0.0475782161930779,0.0240551669014728,0.0280838381911061,0.328889120838649,-0.00773285335616925,80
id02_20230925_rump_peakblue,id02,5,20230925,rump_peakblue,id0220230925_IMG_0001_rump1,0.042730730769972,0.0261902433544965,0.0320013691112211,0.241137726043757,-0.00245911795101308,80
id02_20230925_rump,id02,5,20230925,rump,id0220230925_IMG_0002_rump1,0.0442780557319667,0.0298411207224075,0.0272285989705707,0.19563098192721,-0.00983098925661638,399
id02_20230925_rump_peakred,id02,5,20230925,rump_peakred,id0220230925_IMG_0002_rump1,0.0472761808839949,0.0255741915582831,0.0270790063441485,0.298339609169635,-0.00934617987699045,80
id02_20230925_rump_peakblue,id02,5,20230925,rump_peakblue,id0220230925_IMG_0002_rump1,0.0427106110659066,0.0275523601755038,0.0319164693465609,0.216654210138581,-0.00321501627414427,80
id03_20230115_rump,id03,1,20230115,rump,id0320230115_IMG_0001_rump1,0.03444078497301,0.0392685986390833,0.0219000053113976,-0.0657952744178073,-0.014954686494649,399
id03_20230115_rump_peakred,id03,1,20230115,rump_peakred,id0320230115_IMG_0001_rump1,0.0382922997307539,0.0347184261255004,0.0224243234572911,0.0490322867651533,-0.014081039470836,80
id03_20230115_rump_peakblue,id03,1,20230115,rump_peakblue,id0320230115_IMG_0001_rump1,0.031770041761854,0.0365784173695974,0.0258471401633464,-0.0698664200824962,-0.0083270894023793,80
id03_20230115_rump,id03,1,20230115,rump,id0320230115_IMG_0002_rump1,0.039852757646294,0.0337176616942954,0.0247781503587791,0.0839293784466885,-0.0120070593115155,400
id03_20230115_rump_peakred,id03,1,20230115,rump_peakred,id0320230115_IMG_0002_rump1,0.0433855119631953,0.0294669978277085,0.0248412021026488,0.191931851501074,-0.0115850527928031,80
id03_20230115_rump_peakblue,id03,1,20230115,rump_peakblue,id0320230115_IMG_0002_rump1,0.0376381728803962,0.0312010992005594,0.0292726325779651,0.0945024213636864,-0.00514700346251264,80
id03_20230302_rump,id03,2,20230302,rump,id0320230302_IMG_0001_rump1,0.0309074356255655,0.0431037048388597,0.0265347573605364,-0.165520357347319,-0.0104708128716762,399
id03_20230302_rump_peakred,id03,2,20230302,rump_peakred,id0320230302_IMG_0001_rump1,0.035109430643709,0.0392544703244378,0.0266661423007446,-0.0557854292360801,-0.0105158081833288,80
id03_20230302_rump_peakblue,id03,2,20230302,rump_peakblue,id0320230302_IMG_0001_rump1,0.0288377204692419,0.0411639283268965,0.0312940804520839,-0.176831579225576,-0.00370674394598529,80
id03_20230302_rump,id03,2,20230302,rump,id0320230302_IMG_0002_rump1,0.0438708745838024,0.0304802149287999,0.0296074914745672,0.181314921725608,-0.00756805328173393,400
id03_20230302_rump_peakred,id03,2,20230302,rump_peakred,id0320230302_IMG_0002_rump1,0.0470355547259002,0.0253245745257337,0.0290236650063172,0.300814466039493,-0.00715639961949976,80
id03_20230302_rump_peakblue,id03,2,20230302,rump_peakblue,id0320230302_IMG_0002_rump1,0.0411113137491516,0.0286510183057296,0.0339324148152914,0.179356016690672,-0.000948751212149202,80
id03_20230510_rump,id03,3,20230510,rump,id0320230510_IMG_0001_rump1,0.0456342743872416,0.0284011827524311,0.0296763424560059,0.233662757199615,-0.00734138611383046,400
id03_20230510_rump_peakred,id03,3,20230510,rump_peakred,id0320230510_IMG_0001_rump1,0.0491769019330502,0.0241223020997143,0.0298132644879416,0.34251761620902,-0.00683633752844063,80
id03_20230510_rump_peakblue,id03,3,20230510,rump_peakblue,id0320230510_IMG_0001_rump1,0.0428881660854786,0.0263412015105028,0.0341213013084936,0.23964790078536,-0.000493382489497082,80
id03_20230510_rump,id03,3,20230510,rump,id0320230510_IMG_0002_rump1,0.0456802079241117,0.0282289792352282,0.0253181084266546,0.237136254887824,-0.0116364851530153,400
id03_20230510_rump_peakred,id03,3,20230510,rump_peakred,id0320230510_IMG_0002_rump1,0.0484986365515015,0.0235568631334075,0.0255850444978156,0.346645983583748,-0.0104427053446389,80
id03_20230510_rump_peakblue,id03,3,20230510,rump_peakblue,id0320230510_IMG_0002_rump1,0.0435013528788592,0.0258214107689077,0.0296047356489337,0.255452141441389,-0.00505664617494976,80
id03_20230718_rump,id03,4,20230718,rump,id0320230718_IMG_0001_rump1,0.043188292757271,0.0306917813148197,0.0223457796821732,0.169608350322109,-0.0145942573538721,400
id03_20230718_rump_peakred,id03,4,20230718,rump_peakred,id0320230718_IMG_0001_rump1,0.0462781901587769,0.0263974279624818,0.022587302957235,0.273697492056263,-0.0137505061033943,80
id03_20230718_rump_peakblue,id03,4,20230718,rump_peakblue,id0320230718_IMG_0001_rump1,0.0409506436404844,0.028264409380096,0.0266037369188372,0.183751369757381,-0.00800378959145301,80
id03_20230718_rump,id03,4,20230718,rump,id0320230718_IMG_0002_rump1,0.0335894332290619,0.0406078257864762,0.0267592871646248,-0.0952765647263514,-0.0103393423431443,399
id03_20230718_rump_peakred,id03,4,20230718,rump_peakred,id0320230718_IMG_0002_rump1,0.0373413998203753,0.036411514731362,0.027287056840417,0.0127568568452174,-0.00958940043545167,80
id03_20230718_rump_peakblue,id03,4,20230718,rump_peakblue,id0320230718_IMG_0002_rump1,0.0311639516332609,0.0384180151102108,0.0310411260140389,-0.103576420667697,-0.0037498573576969,80
id03_20230925_rump,id03,5,20230925,rump,id0320230925_IMG_0001_rump1,0.0522101069571584,0.0220041067045886,0.0302159398560171,0.40926545912536,-0.00689116697485638,400
id03_20230925_rump_peakred,id03,5,20230925,rump_peakred,id0320230925_IMG_0001_rump1,0.0544334305315013,0.0168898178489189,0.030383512350729,0.527207506147916,-0.00527811183948112,80
id03_20230925_rump_peakblue,id03,5,20230925,rump_peakblue,id0320230925_IMG_0001_rump1,0.0500091566458855,0.0198320357488467,0.035266283603366,0.433367880584736,0.000345687405999898,80
id03_20230925_rump,id03,5,20230925,rump,id0320230925_IMG_0002_rump1,0.0405433245122531,0.0330881666122592,0.0326420603245331,0.101613982861592,-0.00417368523772301,400
id03_20230925_rump_peakred,id03,5,20230925,rump_peakred,id0320230925_IMG_0002_rump1,0.0436536996850527,0.0283978051377916,0.0329080776826379,0.211868283749474,-0.00311767472878422,80
id03_20230925_rump_peakblue,id03,5,20230925,rump_peakblue,id0320230925_IMG_0002_rump1,0.038011267753459,0.0306252104444486,0.0373027755240125,0.106818164635743,0.00298453642505868,80
id04_20230115_rump,id04,1,20230115,rump,id0420230115_IMG_0001_rump1,0.0371891074417834,0.036836150579517,0.0302129224648078,0.00542502825494348,-0.00679970654584233,399
id04_20230115_rump_peakred,id04,1,20230115,rump_peakred,id0420230115_IMG_0001_rump1,0.04010515741221,0.0319155905615271,0.0304596780086919,0.114530481595112,-0.00555069597817659,80
id04_20230115_rump_peakblue,id04,1,20230115,rump_peakblue,id0420230115_IMG_0001_rump1,0.0354780632101672,0.0338248762938633,0.0343610534544202,0.0243076255157999,-0.000290416297595059,80
id04_20230115_rump,id04,1,20230115,rump,id0420230115_IMG_0002_rump1,0.0427580544128601,0.0313044887489512,0.0257815533089078,0.155162690883329,-0.0112497182719978,399
id04_20230115_rump_peakred,id04,1,20230115,rump_peakred,id0420230115_IMG_0002_rump1,0.0461700805865401,0.0270073290290568,0.0259047931037169,0.262169839049008,-0.0106839117040815,80
id04_20230115_rump_peakblue,id04,1,20230115,rump_peakblue,id0420230115_IMG_0002_rump1,0.0405134122088492,0.028796174129305,0.0306054717990402,0.169893800745118,-0.00404932137003691,80
id04_20230302_rump,id04,2,20230302,rump,id0420230302_IMG_0001_rump1,0.0387802086864028,0.0353837793360595,0.0290189493253498,0.0455947523712912,-0.00806304468588136,399
id04_20230302_rump_peakred,id04,2,20230302,rump_peakred,id0420230302_IMG_0001_rump1,0.0424718458238799,0.0314828027417847,0.0288194159490035,0.149038573091754,-0.00815790833382875,80
id04_20230302_rump_peakblue,id04,2,20230302,rump_peakblue,id0420230302_IMG_0001_rump1,0.0363827762795735,0.0342346447728096,0.0340766407479399,0.0303025300834321,-0.00123206977825164,80
id04_20230302_rump,id04,2,20230302,rump,id0420230302_IMG_0002_rump1,0.0429229257142996,0.0314164720573764,0.0297683061231401,0.155245352781249,-0.00740139276269791,400
id04_20230302_rump_peakred,id04,2,20230302,rump_peakred,id0420230302_IMG_0002_rump1,0.046213686191012,0.0261239660311529,0.0294830311915526,0.278553918698342,-0.00668579491952991,80
id04_20230302_rump_peakblue,id04,2,20230302,rump_peakblue,id0420230302_IMG_0002_rump1,0.0407419044789124,0.0297046234680181,0.0341013326727432,0.157609480016647,-0.00112193130072206,80
id04_20230510_rump,id04,3,20230510,rump,id0420230510_IMG_0001_rump1,0.0393886125480846,0.0346888154068275,0.0281250232928082,0.0634115503488963,-0.00891369068464781,399
id04_20230510_rump_peakred,id04,3,20230510,rump_peakred,id0420230510_IMG_0001_rump1,0.0433305530020154,0.0307662221392326,0.0280261343068529,0.169761213987689,-0.00902225326377107,80
id04_20230510_rump_peakblue,id04,3,20230510,rump_peakblue,id0420230510_IMG_0001_rump1,0.035907794131514,0.0325138688226873,0.0322838485118373,0.0488809945846297,-0.00192698296526338,80
id04_20230510_rump,id04,3,20230510,rump,id0420230510_IMG_0002_rump1,0.0475764626334039,0.0264751820841176,0.0230508287073652,0.286443588701318,-0.0139749936513956,400
id04_20230510_rump_peakred,id04,3,20230510,rump_peakred,id0420230510_IMG_0002_rump1,0.0499977018003293,0.0215751935510807,0.0229320390295272,0.397156114930163,-0.0128544086461778,80
id04_20230510_rump_peakblue,id04,3,20230510,rump_peakblue,id0420230510_IMG_0002_rump1,0.0450235063511415,0.0242276646227705,0.0276213232540454,0.301050423030799,-0.00700426223291058,80
id04_20230718_rump,id04,4,20230718,rump,id0420230718_IMG_0001_rump1,0.0394137598699706,0.0347492386281024,0.0230384443713286,0.0637104107849626,-0.0140430548777079,400
id04_20230718_rump_peakred,id04,4,20230718,rump_peakred,id0420230718_IMG_0001_rump1,0.0426935127005097,0.0300624176418035,0.0226511448920193,0.173916205120997,-0.0137268202791373,80
id04_20230718_rump_peakblue,id04,4,20230718,rump_peakblue,id0420230718_IMG_0001_rump1,0.0375975842909971,0.0319842453137148,0.0272479177419735,0.0815158073874439,-0.00754299706038246,80
id04_20230718_rump,id04,4,20230718,rump,id0420230718_IMG_0002_rump1,0.0339117740622138,0.040042556054063,0.0233268473264223,-0.0837534667802663,-0.0136503177317161,400
id04_20230718_rump_peakred,id04,4,20230718,rump_peakred,id0420230718_IMG_0002_rump1,0.0386135264586865,0.0361800974225437,0.0226926557668092,0.0328551476149945,-0.0147041561738059,80
id04_20230718_rump_peakblue,id04,4,20230718,rump_peakblue,id0420230718_IMG_0002_rump1,0.0314219024202618,0.0381830594069814,0.0282554805815761,-0.0992359721476334,-0.00654700033204547,80
id04_20230925_rump,id04,5,20230925,rump,id0420230925_IMG_0001_rump1,0.0425041990737845,0.0314789254551134,0.0271892713452255,0.149411830522739,-0.00980229091922345,399
id04_20230925_rump_peakred,id04,5,20230925,rump_peakred,id0420230925_IMG_0001_rump1,0.0460507882812433,0.0273773684848799,0.0274940475538564,0.254808588136846,-0.00922003082920521,80
id04_20230925_rump_peakblue,id04,5,20230925,rump_peakblue,id0420230925_IMG_0001_rump1,0.0402136005625245,0.0292123953880512,0.0318049639771695,0.158750535821529,-0.00290803399811842,80
id04_20230925_rump,id04,5,20230925,rump,id0420230925_IMG_0002_rump1,0.0485450585506155,0.0259778805705039,0.0239050465937595,0.304600742702327,-0.0133564229668002,400
id04_20230925_rump_peakred,id04,5,20230925,rump_peakred,id0420230925_IMG_0002_rump1,0.0502882534927333,0.0210846661991725,0.0242790067809828,0.410272513642901,-0.0114074530649701,80
id04_20230925_rump_peakblue,id04,5,20230925,rump_peakblue,id0420230925_IMG_0002_rump1,0.0458504505487003,0.0231330908083226,0.0279216123191656,0.330369543571931,-0.00657015835934582,80
id05_20230115_rump,id05,1,20230115,rump,id0520230115_IMG_0001_rump1,0.0414660377898359,0.0323589179772701,0.0280736192063728,0.124367220357722,-0.00883885867718018,400
id05_20230115_rump_peakred,id05,1,20230115,rump_peakred,id0520230115_IMG_0001_rump1,0.0443108102259014,0.0276455952612662,0.027478072364755,0.23224794313099,-0.00850013037882874,80
id05_20230115_rump_peakblue,id05,1,20230115,rump_peakblue,id0520230115_IMG_0001_rump1,0.0390580210856124,0.0302038007249964,0.0323543088291464,0.1289554154285,-0.00227660207615796,80
id05_20230115_rump,id05,1,20230115,rump,id0520230115_IMG_0002_rump1,0.0361765525040888,0.0382003002274143,0.0246564660490307,-0.0279788481149526,-0.0125319603167209,400
id05_20230115_rump_peakred,id05,1,20230115,rump_peakred,id0520230115_IMG_0002_rump1,0.0402918192464817,0.0345297021837462,0.0246861273630465,0.0774892190737076,-0.0127246333520674,80
id05_20230115_rump_peakblue,id05,1,20230115,rump_peakblue,id0520230115_IMG_0002_rump1,0.034295395818029,0.0361959880560478,0.029889773803557,-0.0284591917809898,-0.00535591813348137,80
id05_20230302_rump,id05,2,20230302,rump,id0520230302_IMG_0001_rump1,0.0438810284232588,0.0296195592164791,0.0293428837576718,0.195077521100136,-0.00740741006219715,400
id05_20230302_rump_peakred,id05,2,20230302,rump_peakred,id0520230302_IMG_0001_rump1,0.0470319832224143,0.0249158291650365,0.0294413431640795,0.307547931377113,-0.00653256302964593,80
id05_20230302_rump_peakblue,id05,2,20230302,rump_peakblue,id0520230302_IMG_0001_rump1,0.0414025260737399,0.0277405316740458,0.033813242182341,0.198170914906122,-0.000758286691551788,80
id05_20230302_rump,id05,2,20230302,rump,id0520230302_IMG_0002_rump1,0.0377702423636966,0.036502787783871,0.0234167194946251,0.0171991537591414,-0.0137197955791587,400
id05_20230302_rump_peakred,id05,2,20230302,rump_peakred,id0520230302_IMG_0002_rump1,0.0419764022706503,0.0323954454942203,0.0241620358241376,0.129324956798951,-0.0130238880582977,80
id05_20230302_rump_peakblue,id05,2,20230302,rump_peakblue,id0520230302_IMG_0002_rump1,0.0359151854834892,0.0343739441413184,0.0279079999579799,0.0218960880407748,-0.00723656485442391,80
id05_20230510_rump,id05,3,20230510,rump,id0520230510_IMG_0001_rump1,0.0440423336697668,0.0300516597535319,0.0272072265138952,0.189994971041506,-0.00983977019775412,400
id05_20230510_rump_peakred,id05,3,20230510,rump_peakred,id0520230510_IMG_0001_rump1,0.0474884263872142,0.0253973620776436,0.0267291103027454,0.303982354495757,-0.00971378392968354,80
id05_20230510_rump_peakblue,id05,3,20230510,rump_peakblue,id0520230510_IMG_0001_rump1,0.0415200007886906,0.0276763571565279,0.0317661982438071,0.200191823018559,-0.00283198072880214,80
id05_20230510_rump,id05,3,20230510,rump,id0520230510_IMG_0002_rump1,0.0368236696994733,0.0369486654419527,0.0233764185226777,-0.000994796214972409,-0.0135097490480353,399
id05_20230510_rump_peakred,id05,3,20230510,rump_peakred,id0520230510_IMG_0002_rump1,0.039892365277803,0.0318064266022826,0.0236146291511301,0.112794672512923,-0.0122347667889127,80
id05_20230510_rump_peakblue,id05,3,20230510,rump_peakblue,id0520230510_IMG_0002_rump1,0.0349924388774546,0.0346067329412397,0.0280132959852294,0.00615215931360388,-0.00678628992411775,80
id05_20230718_rump,id05,4,20230718,rump,id0520230718_IMG_0001_rump1,0.0447174239921296,0.0294791474022988,0.0275335330040644,0.206247832444049,-0.00956475269314985,398
id05_20230718_rump_peakred,id05,4,20230718,rump_peakred,id0520230718_IMG_0001_rump1,0.0473805494242031,0.0247375020630864,0.0279233132093395,0.314325445976895,-0.0081357125343053,80
id05_20230718_rump_peakblue,id05,4,20230718,rump_peakblue,id0520230718_IMG_0001_rump1,0.0420809412388016,0.0271623018148501,0.0315641692186448,0.216042038942754,-0.00305745230818107,80
id05_20230718_rump,id05,4,20230718,rump,id0520230718_IMG_0002_rump1,0.0427048728819505,0.0313714363769687,0.0202260570300369,0.153253275384687,-0.0168120975994227,400
id05_20230718_rump_peakred,id05,4,20230718,rump_peakred,id0520230718_IMG_0002_rump1,0.0465160500616426,0.0271065856064997,0.0205667259715329,0.26424535414838,-0.0162445918625383,80
id05_20230718_rump_peakblue,id05,4,20230718,rump_peakblue,id0520230718_IMG_0002_rump1,0.0408706098310003,0.029070087226497,0.0250137330650942,0.16839808920527,-0.00995661546365443,80
id05_20230925_rump,id05,5,20230925,rump,id0520230925_IMG_0001_rump1,0.0382493668185109,0.0361302026414324,0.0288952387533713,0.0283858057081832,-0.00829454597660034,400
id05_20230925_rump_peakred,id05,5,20230925,rump_peakred,id0520230925_IMG_0001_rump1,0.0418667262120442,0.0317815425137556,0.0293256306014152,0.137155258057186,-0.00749850376148473,80
id05_20230925_rump_peakblue,id05,5,20230925,rump_peakblue,id0520230925_IMG_0001_rump1,0.0361394778798913,0.0337787936750059,0.0334976461025286,0.0330969079062338,-0.00146148967491998,80
id05_20230925_rump,id05,5,20230925,rump,id0520230925_IMG_0002_rump1,0.0416820177892898,0.0323708300329706,0.0244657648957227,0.126928398997046,-0.0125606590154075,400
id05_20230925_rump_peakred,id05,5,20230925,rump_peakred,id0520230925_IMG_0002_rump1,0.0448597920936148,0.0277135297599219,0.024130376733158,0.23752791868974,-0.0121562841936103,80
id05_20230925_rump_peakblue,id05,5,20230925,rump_peakblue,id0520230925_IMG_0002_rump1,0.039593378949336,0.0296443386088579,0.0289923595310127,0.144734405629466,-0.00562649924808421,80
id06_20230115_rump,id06,1,20230115,rump,id0620230115_IMG_0001_rump1,0.0349100180606326,0.0386416905398356,0.0247361222932137,-0.0513849562247249,-0.0120397320070204,399
id06_20230115_rump_peakred,id06,1,20230115,rump_peakred,id0620230115_IMG_0001_rump1,0.0390622940504808,0.0354238105752138,0.0249272102479701,0.0493923214310273,-0.0123158420648771,80
id06_20230115_rump_peakblue,id06,1,20230115,rump_peakblue,id0620230115_IMG_0001_rump1,0.0324289644852621,0.0362242651860005,0.0294568667134101,-0.0553571458756882,-0.00486974812222127,80
id06_20230115_rump,id06,1,20230115,rump,id0620230115_IMG_0002_rump1,0.0359663006875737,0.0381651584068982,0.025324690029054,-0.0298721188780598,-0.0117410395181819,400
id06_20230115_rump_peakred,id06,1,20230115,rump_peakred,id0620230115_IMG_0002_rump1,0.0397752264139105,0.0344814768435865,0.025015340881013,0.0719042134924352,-0.0121130107477355,80
id06_20230115_rump_peakblue,id06,1,20230115,rump_peakblue,id0620230115_IMG_0002_rump1,0.0336472287438442,0.036167298348031,0.0300593093109594,-0.0365257556924606,-0.00484795423497825,80
id06_20230302_rump,id06,2,20230302,rump,id0620230302_IMG_0001_rump1,0.0437839344347562,0.0304827492733881,0.0356562234012633,0.180114314486157,-0.00147711845280881,400
id06_20230302_rump_peakred,id06,2,20230302,rump_peakred,id0620230302_IMG_0001_rump1,0.0463066239977172,0.0256708815914699,0.0363025885638402,0.287153219032263,0.00031383576924666,80
id06_20230302_rump_peakblue,id06,2,20230302,rump_peakblue,id0620230302_IMG_0001_rump1,0.0416618178191817,0.0281171685590218,0.040383234754946,0.194807456533917,0.00549374156584424,80
id06_20230302_rump,id06,2,20230302,rump,id0620230302_IMG_0002_rump1,0.034737340247797,0.0395678775929189,0.027225582174879,-0.0655540868609979,-0.00992702674547895,399
id06_20230302_rump_peakred,id06,2,20230302,rump_peakred,id0620230302_IMG_0002_rump1,0.0387498792840733,0.0356412299142029,0.0273536396529043,0.0421759893562261,-0.00984191494623379,80
id06_20230302_rump_peakblue,id06,2,20230302,rump_peakblue,id0620230302_IMG_0002_rump1,0.0322494195710627,0.036910201022049,0.032055641818081,-0.0669486677762173,-0.0025241684784748,80
id06_20230510_rump,id06,3,20230510,rump,id0620230510_IMG_0001_rump1,0.0404483402181663,0.0336134828507541,0.0247653317529722,0.0929658539403168,-0.012265579781488,400
id06_20230510_rump_peakred,id06,3,20230510,rump_peakred,id0620230510_IMG_0001_rump1,0.0434982332625216,0.0290050945241551,0.0241472887546274,0.200029934463355,-0.0121043751387109,80
id06_20230510_rump_peakblue,id06,3,20230510,rump_peakblue,id0620230510_IMG_0001_rump1,0.037864885672525,0.0312456621220069,0.0288036906649102,0.095681984084212,-0.00575158323235577,80
id06_20230510_rump,id06,3,20230510,rump,id0620230510_IMG_0002_rump1,0.0368414161542835,0.0372217933400505,0.0284691866340367,-0.00460573546377702,-0.00856241811313037,399
id06_20230510_rump_peakred,id06,3,20230510,rump_peakred,id0620230510_IMG_0002_rump1,0.0404280627082695,0.0329138672257607,0.0290530718597107,0.103598752648751,-0.00761789310730435,80
id06_20230510_rump_peakblue,id06,3,20230510,rump_peakblue,id0620230510_IMG_0002_rump1,0.0343815856954608,0.0349375751797359,0.0326819071656534,-0.00815175370568978,-0.00197767327194492,80
id06_20230718_rump,id06,4,20230718,rump,id0620230718_IMG_0001_rump1,0.0399260340792592,0.033799300085809,0.023842926132593,0.0837904415333214,-0.0130197409499411,400
id06_20230718_rump_peakred,id06,4,20230718,rump_peakred,id0620230718_IMG_0001_rump1,0.0426626061085701,0.0293952765872565,0.0238751826563763,0.18445042954755,-0.012153758691537,80
id06_20230718_rump_peakblue,id06,4,20230718,rump_peakblue,id0620230718_IMG_0001_rump1,0.0375893696410855,0.0313324471164696,0.0277041087639819,0.0908753493062812,-0.0067567996147956,80
id06_20230718_rump,id06,4,20230718,rump,id0620230718_IMG_0002_rump1,0.0499445587111559,0.0240386827975605,0.0265725310217963,0.352699424812913,-0.0104190897325619,398
id06_20230718_rump_peakred,id06,4,20230718,rump_peakred,id0620230718_IMG_0002_rump1,0.0516500512542584,0.0183165031766428,0.0266059254483098,0.477830240356417,-0.00837735176714082,80
id06_20230718_rump_peakblue,id06,4,20230718,rump_peakblue,id0620230718_IMG_0002_rump1,0.0477020742768464,0.0217640490436076,0.0310657952053224,0.375705135566422,-0.00366726645490463,80
id06_20230925_rump,id06,5,20230925,rump,id0620230925_IMG_0001_rump1,0.0420025997056045,0.0316064501269586,0.0261087897461224,0.141796752892101,-0.0106957351701591,400
id06_20230925_rump_peakred,id06,5,20230925,rump_peakred,id0620230925_IMG_0001_rump1,0.045109258901342,0.0270166681796323,0.0265600851672873,0.251577753753195,-0.00950287837319991,80
id06_20230925_rump_peakblue,id06,5,20230925,rump_peakblue,id0620230925_IMG_0001_rump1,0.0393992071401375,0.0296134249648087,0.0309412450958885,0.1413500179848,-0.0035650709565846,80
id06_20230925_rump,id06,5,20230925,rump,id0620230925_IMG_0002_rump1,0.0373163914045156,0.0366712823074904,0.0226099405098282,0.00818484393975625,-0.0143838963461748,398
id06_20230925_rump_peakred,id06,5,20230925,rump_peakred,id0620230925_IMG_0002_rump1,0.0412834518741699,0.0329994243436564,0.0226323152735722,0.111892955522979,-0.014509122835341,80
id06_20230925_rump_peakblue,id06,5,20230925,rump_peakblue,id0620230925_IMG_0002_rump1,0.0346299390677151,0.0349747206774088,0.0272938703592857,-0.0067269961443044,-0.00750845951327624,80
id07_20230115_rump,id07,1,20230115,rump,id0720230115_IMG_0001_rump1,0.0392807271744068,0.0344087118843789,0.0280153938960515,0.0668479642998555,-0.0088293256333414,399
id07_20230115_rump_peakred,id07,1,20230115,rump_peakred,id0720230115_IMG_0001_rump1,0.0423671439125448,0.0293883511262104,0.0278912841066373,0.180630882251571,-0.00798646341274028,80
id07_20230115_rump_peakblue,id07,1,20230115,rump_peakblue,id0720230115_IMG_0001_rump1,0.0368377714344416,0.0324853883134286,0.0328898730241347,0.0627334975154317,-0.0017717068498004,80
id07_20230115_rump,id07,1,20230115,rump,id0720230115_IMG_0002_rump1,0.0382713873668142,0.036008776147661,0.0345863584277648,0.0309379035130517,-0.00255372332947283,400
id07_20230115_rump_peakred,id07,1,20230115,rump_peakred,id0720230115_IMG_0002_rump1,0.0412796647564397,0.0313990156642027,0.0342048377859634,0.136279387830235,-0.00213450242435782,80
id07_20230115_rump_peakblue,id07,1,20230115,rump_peakblue,id0720230115_IMG_0002_rump1,0.0360753031715373,0.0336482571723236,0.0388010981713298,0.0354487311635328,0.00393931799939929,80
id07_20230302_rump,id07,2,20230302,rump,id0720230302_IMG_0001_rump1,0.0364597993277042,0.0375287458826174,0.0351027213774208,-0.0142842159205031,-0.00189155122774,400
id07_20230302_rump_peakred,id07,2,20230302,rump_peakred,id0720230302_IMG_0001_rump1,0.0401083528590795,0.0329903553307871,0.0346302657398467,0.0971201401281954,-0.00191908835508657,80
id07_20230302_rump_peakblue,id07,2,20230302,rump_peakblue,id0720230302_IMG_0001_rump1,0.0339748942421456,0.0353219987905717,0.0395622399374541,-0.0199305919534933,0.00491379342109542,80
id07_20230302_rump,id07,2,20230302,rump,id0720230302_IMG_0002_rump1,0.0388126630301235,0.035512610622547,0.0237956064680904,0.0444394066069675,-0.0133670303582449,398
id07_20230302_rump_peakred,id07,2,20230302,rump_peakred,id0720230302_IMG_0002_rump1,0.0426787141394073,0.0317071216290778,0.0235441167812648,0.148217784900894,-0.0136488011029777,80
id07_20230302_rump_peakblue,id07,2,20230302,rump_peakblue,id0720230302_IMG_0002_rump1,0.0361113975434689,0.0333247526399466,0.0286968979931318,0.0406377709264912,-0.00602117709857591,80
id07_20230510_rump,id07,3,20230510,rump,id0720230510_IMG_0001_rump1,0.038143115960859,0.0355740596640338,0.0254267268853781,0.0356247917824866,-0.0114318609270683,400
id07_20230510_rump_peakred,id07,3,20230510,rump_peakred,id0720230510_IMG_0001_rump1,0.0415168822656663,0.0311985577147636,0.0256546412309036,0.142669782959128,-0.0107030787593114,80
id07_20230510_rump_peakblue,id07,3,20230510,rump_peakblue,id0720230510_IMG_0001_rump1,0.0361596574079507,0.033022834677486,0.0298303295776852,0.0460354131871968,-0.00476091646503315,80
id07_20230510_rump,id07,3,20230510,rump,id0720230510_IMG_0002_rump1,0.0405736435391746,0.0339506381890732,0.0318441188344028,0.0896394092250808,-0.00541802202972108,399
id07_20230510_rump_peakred,id07,3,20230510,rump_peakred,id0720230510_IMG_0002_rump1,0.0431981883261112,0.0291828942707036,0.0320517786681748,0.193991395248833,-0.0041387626302326,80
id07_20230510_rump_peakblue,id07,3,20230510,rump_peakblue,id0720230510_IMG_0002_rump1,0.0381209278122633,0.0317595573868559,0.0364620195772565,0.0918037164092495,0.00152177697769691,80
id07_20230718_rump,id07,4,20230718,rump,id0720230718_IMG_0001_rump1,0.0396206708349111,0.0339582112087887,0.024214488748445,0.0773373117971721,-0.0125749522734048,400
id07_20230718_rump_peakred,id07,4,20230718,rump_peakred,id0720230718_IMG_0001_rump1,0.0428622762591439,0.0293881067863439,0.0237701365980429,0.186962734878874,-0.012355054924701,80
id07_20230718_rump_peakblue,id07,4,20230718,rump_peakblue,id0720230718_IMG_0001_rump1,0.036725538182062,0.0314067067115989,0.0288498006563722,0.0782239956415174,-0.00521632179045827,80
id07_20230718_rump,id07,4,20230718,rump,id0720230718_IMG_0002_rump1,0.0346175796142844,0.0398130773906045,0.0233741495344042,-0.069654252468783,-0.0138411789680402,399
id07_20230718_rump_peakred,id07,4,20230718,rump_peakred,id0720230718_IMG_0002_rump1,0.038163198880688,0.035264250448443,0.0233525938272766,0.0397046618757352,-0.0133611308372889,80
id07_20230718_rump_peakblue,id07,4,20230718,rump_peakblue,id0720230718_IMG_0002_rump1,0.0322949983136687,0.037025728809279,0.0283963020449254,-0.0672772605822587,-0.00626406151654841,80
id07_20230925_rump,id07,5,20230925,rump,id0720230925_IMG_0001_rump1,0.0463173825511543,0.0278675421659153,0.0238089124608986,0.250681742619094,-0.0132835498976362,400
id07_20230925_rump_peakred,id07,5,20230925,rump_peakred,id0720230925_IMG_0001_rump1,0.0483247301565552,0.0226032276915968,0.0244805588556556,0.364092899464872,-0.0109834200684204,80
id07_20230925_rump_peakblue,id07,5,20230925,rump_peakblue,id0720230925_IMG_0001_rump1,0.0438857679790707,0.0251752043701996,0.0288343506368931,0.273343830872799,-0.00569613553774206,80
id07_20230925_rump,id07,5,20230925,rump,id0720230925_IMG_0002_rump1,0.0417099913451704,0.0322377064378696,0.0222180692361143,0.129060570823519,-0.0147557796554057,400
id07_20230925_rump_peakred,id07,5,20230925,rump_peakred,id0720230925_IMG_0002_rump1,0.0448823333594047,0.0275993140070344,0.0221076881078961,0.238835843948159,-0.0141331355753235,80
id07_20230925_rump_peakblue,id07,5,20230925,rump_peakblue,id0720230925_IMG_0002_rump1,0.0396742148189165,0.0298069415160848,0.0264939971514438,0.142428659295808,-0.00824658101605688,80
id08_20230115_rump,id08,1,20230115,rump,id0820230115_IMG_0001_rump1,0.0375326571494468,0.0363022753577073,0.0248646850277085,0.0167658669514316,-0.0120527812258685,399
id08_20230115_rump_peakred,id08,1,20230115,rump_peakred,id0820230115_IMG_0001_rump1,0.0413750718930635,0.0320485431458302,0.0250257430703074,0.127399032386189,-0.0116860644491395,80
id08_20230115_rump_peakblue,id08,1,20230115,rump_peakblue,id0820230115_IMG_0001_rump1,0.0350703723725585,0.0340294906797517,0.0298268181909718,0.0152795680417768,-0.00472311333518326,80
id08_20230115_rump,id08,1,20230115,rump,id0820230115_IMG_0002_rump1,0.0387273501076882,0.0358167949484696,0.0233471620439427,0.0390872545363438,-0.0139249104841362,400
id08_20230115_rump_peakred,id08,1,20230115,rump_peakred,id0820230115_IMG_0002_rump1,0.042485268569805,0.0312193677612881,0.0232819896028911,0.153708868824765,-0.0135703285626555,80
id08_20230115_rump_peakblue,id08,1,20230115,rump_peakblue,id0820230115_IMG_0002_rump1,0.0365730877965709,0.0334650445589667,0.0276411962417516,0.0440874204448466,-0.00737786993601724,80
id08_20230302_rump,id08,2,20230302,rump,id0820230302_IMG_0001_rump1,0.0382676816683774,0.0357243710344139,0.0238946147637251,0.0348886935086572,-0.0131014115876706,399
id08_20230302_rump_peakred,id08,2,20230302,rump_peakred,id0820230302_IMG_0001_rump1,0.0415681693414244,0.0314507486263208,0.0240403331936107,0.139120013641943,-0.0124691257902619,80
id08_20230302_rump_peakblue,id08,2,20230302,rump_peakblue,id0820230302_IMG_0001_rump1,0.0363570788998262,0.0335662489372594,0.0283629919533571,0.0400305166251696,-0.00659867196518572,80
id08_20230302_rump,id08,2,20230302,rump,id0820230302_IMG_0002_rump1,0.0393464480515154,0.0343376619048219,0.0260642195153437,0.0690738588833984,-0.010777835462825,400
id08_20230302_rump_peakred,id08,2,20230302,rump_peakred,id0820230302_IMG_0002_rump1,0.0420416342032371,0.0292941528007566,0.0255049526636849,0.17907161984238,-0.0101629408383119,80
id08_20230302_rump_peakblue,id08,2,20230302,rump_peakblue,id0820230302_IMG_0002_rump1,0.0369899986453592,0.0319428274386067,0.030452352054264,0.0747443643753459,-0.00401406098771889,80
id08_20230510_rump,id08,3,20230510,rump,id0820230510_IMG_0001_rump1,0.0341179602473333,0.0393750723662208,0.0303080855116901,-0.0721523092656632,-0.0064384307950869,400
id08_20230510_rump_peakred,id08,3,20230510,rump_peakred,id0820230510_IMG_0001_rump1,0.0382858175657092,0.0354391986394188,0.0301468676700582,0.0390481445657137,-0.00671564043250579,80
id08_20230510_rump_peakblue,id08,3,20230510,rump_peakblue,id0820230510_IMG_0001_rump1,0.032386043813038,0.0375262304640694,0.0347938149107832,-0.0740404717226983,-0.000162322227770457,80
id08_20230510_rump,id08,3,20230510,rump,id0820230510_IMG_0002_rump1,0.0418083463163203,0.0324234571029259,0.0256470951906193,0.12685713961867,-0.0114688065190037,400
id08_20230510_rump_peakred,id08,3,20230510,rump_peakred,id0820230510_IMG_0002_rump1,0.0449926729900768,0.0280985693320438,0.0257915460426067,0.23185056990243,-0.0107540751184536,80
id08_20230510_rump_peakblue,id08,3,20230510,rump_peakblue,id0820230510_IMG_0002_rump1,0.0392229128293036,0.0305637096270247,0.0300742403148609,0.125028586125332,-0.00481907091330325,80
id08_20230718_rump,id08,4,20230718,rump,id0820230718_IMG_0001_rump1,0.0377909913050304,0.0359359026908445,0.0241780322459011,0.0256973035616231,-0.0126854147520364,400
id08_20230718_rump_peakred,id08,4,20230718,rump_peakred,id0820230718_IMG_0001_rump1,0.0409857438580596,0.0314398092725553,0.0242551990325655,0.132203711478735,-0.011957577532742,80
id08_20230718_rump_peakblue,id08,4,20230718,rump_peakblue,id0820230718_IMG_0001_rump1,0.035171552860198,0.0332924479248645,0.0283577241572626,0.0269655768833172,-0.00587427623526861,80
id08_20230718_rump,id08,4,20230718,rump,id0820230718_IMG_0002_rump1,0.0354739910243156,0.0386723269136986,0.0206346245858336,-0.0436522354720773,-0.0164385343831735,399
id08_20230718_rump_peakred,id08,4,20230718,rump_peakred,id0820230718_IMG_0002_rump1,0.0392075718554587,0.0348421290971412,0.020721680878731,0.0591922996843814,-0.016303169597569,80
id08_20230718_rump_peakblue,id08,4,20230718,rump_peakblue,id0820230718_IMG_0002_rump1,0.0333287483672249,0.0366067447045704,0.025161657268578,-0.0481263679797172,-0.00980608926731963,80
id08_20230925_rump,id08,5,20230925,rump,id0820230925_IMG_0001_rump1,0.0501538308905244,0.0237749671148053,0.0236077078199362,0.359090572300192,-0.0133566911827286,400
id08_20230925_rump_peakred,id08,5,20230925,rump_peakred,id0820230925_IMG_0001_rump1,0.0517414132148474,0.0188367232342955,0.0236661978065347,0.467736637301244,-0.0116228704180368,80
id08_20230925_rump_peakblue,id08,5,20230925,rump_peakblue,id0820230925_IMG_0001_rump1,0.0473973686365901,0.0213008320604855,0.0278983096455187,0.382716384813544,-0.00645079070301906,80
id08_20230925_rump,id08,5,20230925,rump,id0820230925_IMG_0002_rump1,0.0467492359345082,0.0271582333538827,0.0210515547690907,0.266470896306504,-0.0159021798751047,399
id08_20230925_rump_peakred,id08,5,20230925,rump_peakred,id0820230925_IMG_0002_rump1,0.0495631877342613,0.0222253755594868,0.0210947773863283,0.381393827832124,-0.0147995042605458,80
id08_20230925_rump_peakblue,id08,5,20230925,rump_peakblue,id0820230925_IMG_0002_rump1,0.0449048698442183,0.0250095843616013,0.0254753615282466,0.285721634780744,-0.0094818655746632,80
id09_20230115_rump,id09,1,20230115,rump,id0920230115_IMG_0001_rump1,0.0323679325736982,0.0413036742401014,0.0327771150018732,-0.122008274371265,-0.00405868840502659,400
id09_20230115_rump_peakred,id09,1,20230115,rump_peakred,id0920230115_IMG_0001_rump1,0.0362968769340444,0.0378655620538702,0.0328984465167048,-0.0211987467446055,-0.00418277297725257,80
id09_20230115_rump_peakblue,id09,1,20230115,rump_peakblue,id0920230115_IMG_0001_rump1,0.0301718344500196,0.039642016136572,0.0374604251841467,-0.135454142180195,0.00255349989085094,80
id09_20230115_rump,id09,1,20230115,rump,id0920230115_IMG_0002_rump1,0.036029925864892,0.0378578029253967,0.0253533221992272,-0.0242510641376348,-0.0115905421959172,400
id09_20230115_rump_peakred,id09,1,20230115,rump_peakred,id0920230115_IMG_0002_rump1,0.0394429868527415,0.0335458218755388,0.0252127865412175,0.0812041266362592,-0.0112816178229227,80
id09_20230115_rump_peakblue,id09,1,20230115,rump_peakblue,id0920230115_IMG_0002_rump1,0.0337715774399401,0.0354367743240127,0.0295290448004255,-0.0232677991877218,-0.00507513108155091,80
id09_20230302_rump,id09,2,20230302,rump,id0920230302_IMG_0001_rump1,0.0448898075424524,0.0292995328928194,0.0250294169804664,0.212092096670223,-0.0120652532371695,400
id09_20230302_rump_peakred,id09,2,20230302,rump_peakred,id0920230302_IMG_0001_rump1,0.0477664700357883,0.0243615684873981,0.0251028740818669,0.325668959223242,-0.0109611451797263,80
id09_20230302_rump_peakblue,id09,2,20230302,rump_peakblue,id0920230302_IMG_0001_rump1,0.0426671844441729,0.0263762057477759,0.0291386557143634,0.23876051763377,-0.00538303938161105,80
id09_20230302_rump,id09,2,20230302,rump,id0920230302_IMG_0002_rump1,0.0390323043335107,0.0352746124526492,0.0306850327389549,0.0510698269373641,-0.00646842565412503,400
id09_20230302_rump_peakred,id09,2,20230302,rump_peakred,id0920230302_IMG_0002_rump1,0.0419043863522826,0.0304387220588345,0.0303720357826503,0.159714681048616,-0.00579951842290821,80
id09_20230302_rump_peakblue,id09,2,20230302,rump_peakblue,id0920230302_IMG_0002_rump1,0.0360669743903435,0.0331325006192056,0.0354533811698575,0.0446885792521466,0.000853643665082942,80
id09_20230510_rump,id09,3,20230510,rump,id0920230510_IMG_0001_rump1,0.0449222345119406,0.0290371591530826,0.0247754043008374,0.216337679584047,-0.0122042925316743,400
id09_20230510_rump_peakred,id09,3,20230510,rump_peakred,id0920230510_IMG_0001_rump1,0.0468993494280694,0.0240479403195149,0.0252904227513587,0.322050376640256,-0.0101832221224334,80
id09_20230510_rump_peakblue,id09,3,20230510,rump_peakblue,id0920230510_IMG_0001_rump1,0.0426984031141605,0.0264365448806107,0.0293851292823816,0.237132968111161,-0.00518234471500398,80
id09_20230510_rump,id09,3,20230510,rump,id0920230510_IMG_0002_rump1,0.0404405321632926,0.0337984378033098,0.0243273616811462,0.0899371262688957,-0.012792123302155,399
id09_20230510_rump_peakred,id09,3,20230510,rump_peakred,id0920230510_IMG_0002_rump1,0.0439255325997542,0.0290272032741686,0.0239724485928034,0.204735012724446,-0.012503919344158,80
id09_20230510_rump_peakblue,id09,3,20230510,rump_peakblue,id0920230510_IMG_0002_rump1,0.03776995877767,0.0314524293599927,0.0284892810109171,0.0926072002348038,-0.0061219130579142,80
id09_20230718_rump,id09,4,20230718,rump,id0920230718_IMG_0001_rump1,0.0403269763081396,0.0341168774612189,0.0267500136877504,0.083690130181198,-0.0104719131969289,400
id09_20230718_rump_peakred,id09,4,20230718,rump_peakred,id0920230718_IMG_0001_rump1,0.0432413050848106,0.0297282985526733,0.026205874405803,0.185142584386497,-0.0102789274129389,80
id09_20230718_rump_peakblue,id09,4,20230718,rump_peakblue,id0920230718_IMG_0001_rump1,0.0376232510731396,0.0315515675199748,0.0309862540007169,0.0879015796343897,-0.00360115529584028,80
id09_20230718_rump,id09,4,20230718,rump,id0920230718_IMG_0002_rump1,0.0391302962192563,0.035071549708225,0.0270417375811069,0.0553736017335658,-0.0100591853826338,400
id09_20230718_rump_peakred,id09,4,20230718,rump_peakred,id0920230718_IMG_0002_rump1,0.0428511542393016,0.0301491076560778,0.0268341150481746,0.174725207089936,-0.00966601589951508,80
id09_20230718_rump_peakblue,id09,4,20230718,rump_peakblue,id0920230718_IMG_0002_rump1,0.0365136591653728,0.0325813258560527,0.0313562740889591,0.0576930685166013,-0.00319121842175361,80
id09_20230925_rump,id09,5,20230925,rump,id0920230925_IMG_0001_rump1,0.0483247307219865,0.0257820220284364,0.0252501910805387,0.30606055119987,-0.0118031852946727,399
id09_20230925_rump_peakred,id09,5,20230925,rump_peakred,id0920230925_IMG_0001_rump1,0.0501503087459993,0.0207010613354063,0.0255029316302827,0.416405653308791,-0.00992275341042012,80
id09_20230925_rump_peakblue,id09,5,20230925,rump_peakblue,id0920230925_IMG_0001_rump1,0.0460361856885675,0.0228380698440117,0.0294641168695045,0.338378762185962,-0.00497301089678508,80
id09_20230925_rump,id09,5,20230925,rump,id0920230925_IMG_0002_rump1,0.0417068430472632,0.0320804990473462,0.0289799203548066,0.13129283364811,-0.00791375069249806,400
id09_20230925_rump_peakred,id09,5,20230925,rump_peakred,id0920230925_IMG_0002_rump1,0.0443655567706762,0.02687304726706,0.029095790056624,0.246528525548319,-0.00652351196224408,80
id09_20230925_rump_peakblue,id09,5,20230925,rump_peakblue,id0920230925_IMG_0002_rump1,0.0390975144135534,0.0297086425521671,0.0337112501694094,0.1374820707426,-0.000691828313450893,80
id10_20230115_rump,id10,1,20230115,rump,id1020230115_IMG_0001_rump1,0.0356931919565821,0.0386074004736352,0.0310289302621951,-0.0396700266871379,-0.00612136595291357,399
id10_20230115_rump_peakred,id10,1,20230115,rump_peakred,id1020230115_IMG_0001_rump1,0.0398273878111679,0.0345427975383899,0.030737788875981,0.0716679126443612,-0.00644730379879788,80
id10_20230115_rump_peakblue,id10,1,20230115,rump_peakblue,id1020230115_IMG_0001_rump1,0.032740509194984,0.0365307081653957,0.0355965295214848,-0.0546288766777707,0.000960920841294969,80
id10_20230115_rump,id10,1,20230115,rump,id1020230115_IMG_0002_rump1,0.0368409628610787,0.0370903234493817,0.0298626657640089,-0.00349879130175618,-0.00710297739122133,399
id10_20230115_rump_peakred,id10,1,20230115,rump_peakred,id1020230115_IMG_0002_rump1,0.0410215128890428,0.0332150366812152,0.0296156114766167,0.105510601814977,-0.00750266330851228,80
id10_20230115_rump_peakblue,id10,1,20230115,rump_peakblue,id1020230115_IMG_0002_rump1,0.0342860168683166,0.0349908395216509,0.033789032697163,-0.00958632666397163,-0.000849395497820696,80
id10_20230302_rump,id10,2,20230302,rump,id1020230302_IMG_0001_rump1,0.0421647468286768,0.0318089213941915,0.0265771086746178,0.141424765813267,-0.0104097254368163,400
id10_20230302_rump_peakred,id10,2,20230302,rump_peakred,id1020230302_IMG_0001_rump1,0.0447576222809579,0.0268722664262092,0.0267807584716436,0.250350677544837,-0.00903418588193997,80
id10_20230302_rump_peakblue,id10,2,20230302,rump_peakblue,id1020230302_IMG_0001_rump1,0.0400558837593977,0.0292417217572334,0.0310795284339539,0.15765772207426,-0.00356927432436165,80
id10_20230302_rump,id10,2,20230302,rump,id1020230302_IMG_0002_rump1,0.039080817396399,0.034911851528731,0.0259090869602367,0.0572119976851002,-0.0110872475023283,399
id10_20230302_rump_peakred,id10,2,20230302,rump_peakred,id1020230302_IMG_0002_rump1,0.0425198019722648,0.0301365046340923,0.02633565901293,0.170787666255837,-0.00999249429024855,80
id10_20230302_rump_peakblue,id10,2,20230302,rump_peakblue,id1020230302_IMG_0002_rump1,0.0367311634742167,0.0319182918446896,0.0302476813096021,0.0705082890200338,-0.00407704634985109,80
id10_20230510_rump,id10,3,20230510,rump,id1020230510_IMG_0001_rump1,0.040084609356038,0.0339463344558613,0.0282986859547895,0.0833172355222765,-0.00871678595116018,398
id10_20230510_rump_peakred,id10,3,20230510,rump_peakred,id1020230510_IMG_0001_rump1,0.043469185948289,0.029502930010839,0.0274621427733453,0.192229875150998,-0.00902391520621876,80
id10_20230510_rump_peakblue,id10,3,20230510,rump_peakblue,id1020230510_IMG_0001_rump1,0.0378033583916313,0.0318538829335536,0.0328757604204888,0.0855091304370093,-0.00195286024210367,80
id10_20230510_rump,id10,3,20230510,rump,id1020230510_IMG_0002_rump1,0.0419882734571373,0.0322757434657163,0.0275536713461357,0.131903237135286,-0.00957833711529109,399
id10_20230510_rump_peakred,id10,3,20230510,rump_peakred,id1020230510_IMG_0002_rump1,0.0446963304517072,0.0274277637753113,0.0275458965117663,0.239908348442312,-0.008516150601743,80
id10_20230510_rump_peakblue,id10,3,20230510,rump_peakblue,id1020230510_IMG_0002_rump1,0.0399893272548876,0.0297377771935457,0.0318870821693131,0.147452513544684,-0.00297647005490357,80
id10_20230718_rump,id10,4,20230718,rump,id1020230718_IMG_0001_rump1,0.0440986826187278,0.0299891356028129,0.0262527550224445,0.191100996169436,-0.0107911540883258,399
id10_20230718_rump_peakred,id10,4,20230718,rump_peakred,id1020230718_IMG_0001_rump1,0.0470198451677587,0.0252080490243866,0.0263625339040266,0.302546135101792,-0.0097514131920461,80
id10_20230718_rump_peakblue,id10,4,20230718,rump_peakblue,id1020230718_IMG_0001_rump1,0.0421297885815493,0.027695048034596,0.0310680975366579,0.206612408362285,-0.00384432077141468,80
id10_20230718_rump,id10,4,20230718,rump,id1020230718_IMG_0002_rump1,0.0458895261031016,0.0284071108832679,0.0333709483240383,0.236639766213268,-0.00377737016914642,400
id10_20230718_rump_peakred,id10,4,20230718,rump_peakred,id1020230718_IMG_0002_rump1,0.0490558406022083,0.0234932936926175,0.0330451758496531,0.353450301111661,-0.00322939129775972,80
id10_20230718_rump_peakblue,id10,4,20230718,rump_peakblue,id1020230718_IMG_0002_rump1,0.0435161825017222,0.0260195565453127,0.0378669671508306,0.253833546356615,0.00309909762731318,80
id10_20230925_rump,id10,5,20230925,rump,id1020230925_IMG_0001_rump1,0.0371870103813267,0.0366552908276706,0.0223549259278713,0.00723733009778858,-0.0145662246766274,399
id10_20230925_rump_peakred,id10,5,20230925,rump_peakred,id1020230925_IMG_0001_rump1,0.0411191564522207,0.0327397935199258,0.0224039856205212,0.113585517386933,-0.014525489365552,80
id10_20230925_rump_peakblue,id10,5,20230925,rump_peakblue,id1020230925_IMG_0001_rump1,0.0349638116817457,0.0336854507279572,0.0267692098690239,0.0181025248498769,-0.00755542133582752,80
id10_20230925_rump,id10,5,20230925,rump,id1020230925_IMG_0002_rump1,0.04405645066457,0.0294203498297697,0.0240849230523886,0.200676840675976,-0.0126534771947813,400
id10_20230925_rump_peakred,id10,5,20230925,rump_peakred,id1020230925_IMG_0002_rump1,0.0464719274602636,0.0248240066203326,0.024486029155734,0.304826072704002,-0.0111619378845641,80
id10_20230925_rump_peakblue,id10,5,20230925,rump_peakblue,id1020230925_IMG_0002_rump1,0.0414081758608508,0.0268401299403221,0.0286401277251382,0.214850963430268,-0.00548402517544828,80
id11_20230115_rump,id11,1,20230115,rump,id1120230115_IMG_0001_rump1,0.0382288575310995,0.0355779058945311,0.0271929623248345,0.036340826165064,-0.00971041938798079,400
id11_20230115_rump_peakred,id11,1,20230115,rump_peakred,id1120230115_IMG_0001_rump1,0.041200914869997,0.0311471461880175,0.0272583366987982,0.139395332736902,-0.008915693830209,80
id11_20230115_rump_peakblue,id11,1,20230115,rump_peakblue,id1120230115_IMG_0001_rump1,0.0358633165654347,0.0335155187490761,0.0322859440234224,0.0345967878846414,-0.00240347363383296,80
id11_20230115_rump,id11,1,20230115,rump,id1120230115_IMG_0002_rump1,0.0388123793407356,0.0348908915159812,0.0283110922830778,0.0536512281119865,-0.00854054314528059,398
id11_20230115_rump_peakred,id11,1,20230115,rump_peakred,id1120230115_IMG_0002_rump1,0.0422126624385257,0.0304337252224652,0.0285457815071394,0.162331754941237,-0.00777741232335602,80
id11_20230115_rump_peakblue,id11,1,20230115,rump_peakblue,id1120230115_IMG_0002_rump1,0.0367687110178971,0.032919666568156,0.0330616408589484,0.0559669877780284,-0.00178254793407811,80
id11_20230302_rump,id11,2,20230302,rump,id1120230302_IMG_0001_rump1,0.0351423402265731,0.0388009471757558,0.0250653601889104,-0.0491510500414588,-0.011906283512254,400
id11_20230302_rump_peakred,id11,2,20230302,rump_peakred,id1120230302_IMG_0001_rump1,0.0387936539683463,0.0344361426575913,0.0249201431967878,0.0595302909477617,-0.011694755116181,80
id11_20230302_rump_peakblue,id11,2,20230302,rump_peakblue,id1120230302_IMG_0001_rump1,0.0326469444420745,0.036778883505891,0.0292824593786237,-0.0593075830144506,-0.005430454595359,80
id11_20230302_rump,id11,2,20230302,rump,id1120230302_IMG_0002_rump1,0.0392491009837952,0.0350278340881545,0.0236072165617185,0.0570253429986618,-0.0135312509742564,399
id11_20230302_rump_peakred,id11,2,20230302,rump_peakred,id1120230302_IMG_0002_rump1,0.0429430541617644,0.0309256489671521,0.0238382558879953,0.163249761816131,-0.0130960956764629,80
id11_20230302_rump_peakblue,id11,2,20230302,rump_peakblue,id1120230302_IMG_0002_rump1,0.0367368813035511,0.032689017687506,0.0281160783493769,0.058444143024064,-0.00659687114615164,80
id11_20230510_rump,id11,3,20230510,rump,id1120230510_IMG_0001_rump1,0.0414870907708864,0.0321766519113805,0.0249464240680464,0.126726833058158,-0.011885447273087,400
id11_20230510_rump_peakred,id11,3,20230510,rump_peakred,id1120230510_IMG_0001_rump1,0.0451881611609431,0.0277724609957989,0.0248115666760401,0.23995444151526,-0.0116687444023309,80
id11_20230510_rump_peakblue,id11,3,20230510,rump_peakblue,id1120230510_IMG_0001_rump1,0.0391246833323129,0.0296421077809404,0.0297491407738273,0.137295316644943,-0.00463425478279934,80
id11_20230510_rump,id11,3,20230510,rump,id1120230510_IMG_0002_rump1,0.041662869607125,0.0325096600688586,0.0222338142438798,0.124018303448718,-0.014852450594112,399
id11_20230510_rump_peakred,id11,3,20230510,rump_peakred,id1120230510_IMG_0002_rump1,0.0447667836921495,0.0282189411634512,0.0225098658154408,0.226741359097814,-0.0139829966123596,80
id11_20230510_rump_peakblue,id11,3,20230510,rump_peakblue,id1120230510_IMG_0002_rump1,0.0390120642216432,0.029996386227317,0.0266433383223044,0.13132941451148,-0.00786088690217574,80
id11_20230718_rump,id11,4,20230718,rump,id1120230718_IMG_0001_rump1,0.0457403728356163,0.0281103132775547,0.0267611152394315,0.240386632714479,-0.010164227817154,399
id11_20230718_rump_peakred,id11,4,20230718,rump_peakred,id1120230718_IMG_0001_rump1,0.0481945296910888,0.0231934777798374,0.0261132778816676,0.350598560220088,-0.00958072585379549,80
id11_20230718_rump_peakblue,id11,4,20230718,rump_peakblue,id1120230718_IMG_0001_rump1,0.0435589763472094,0.0263747016140549,0.0315208446383853,0.247375336195411,-0.00344599434224686,80
id11_20230718_rump,id11,4,20230718,rump,id1120230718_IMG_0002_rump1,0.0506642955423018,0.023178107080923,0.0337311692679637,0.374624116861588,-0.00319003204364867,400
id11_20230718_rump_peakred,id11,4,20230718,rump_peakred,id1120230718_IMG_0002_rump1,0.0530679938835139,0.0180176714253975,0.0342034314662996,0.493779076859222,-0.0013394011881561,80
id11_20230718_rump_peakblue,id11,4,20230718,rump_peakblue,id1120230718_IMG_0002_rump1,0.0490741597128923,0.02077336399112,0.0385469655062178,0.407514007468693,0.00362320365421161,80
id11_20230925_rump,id11,5,20230925,rump,id1120230925_IMG_0001_rump1,0.041225276334596,0.0325039912501655,0.0287268185615515,0.118804105738932,-0.00813781523082921,399
id11_20230925_rump_peakred,id11,5,20230925,rump_peakred,id1120230925_IMG_0001_rump1,0.0448448866586654,0.0280399669915434,0.028410736148886,0.231003786258269,-0.00803169067621835,80
id11_20230925_rump_peakblue,id11,5,20230925,rump_peakblue,id1120230925_IMG_0001_rump1,0.0391826067314809,0.0301026230788751,0.0331122321706481,0.132002234356158,-0.00153038273452987,80
id11_20230925_rump,id11,5,20230925,rump,id1120230925_IMG_0002_rump1,0.0454939268859831,0.0287051998879402,0.0270343832117634,0.227389541527799,-0.0100651801751982,399
id11_20230925_rump_peakred,id11,5,20230925,rump_peakred,id1120230925_IMG_0002_rump1,0.0481100121579612,0.0240410368320581,0.0270473100529985,0.334746198683413,-0.00902821444201115,80
id11_20230925_rump_peakblue,id11,5,20230925,rump_peakblue,id1120230925_IMG_0002_rump1,0.0432111802279945,0.0261409909976138,0.0310360541200451,0.247731325250518,-0.00364003149275903,80
id12_20230115_rump,id12,1,20230115,rump,id1220230115_IMG_0001_rump1,0.0323118845000424,0.0418683616450068,0.0288111650040947,-0.129196918788267,-0.00827895806842992,398
id12_20230115_rump_peakred,id12,1,20230115,rump_peakred,id1220230115_IMG_0001_rump1,0.0362593903943301,0.0384928613161815,0.0297253091360967,-0.0296123074444962,-0.00765081671915903,80
id12_20230115_rump_peakblue,id12,1,20230115,rump_peakblue,id1220230115_IMG_0001_rump1,0.030365783985952,0.0392660320754622,0.0338313464729452,-0.128331962860892,-0.000984561557761877,80
id12_20230115_rump,id12,1,20230115,rump,id1220230115_IMG_0002_rump1,0.0396269662667045,0.0345280234445811,0.0316205311983531,0.0692132803045482,-0.00545696365728973,400
id12_20230115_rump_peakred,id12,1,20230115,rump_peakred,id1220230115_IMG_0002_rump1,0.0431284937663675,0.0301620607749413,0.031439886070859,0.177341268986856,-0.00520539119979537,80
id12_20230115_rump_peakblue,id12,1,20230115,rump_peakblue,id1220230115_IMG_0002_rump1,0.037294738381791,0.0317853826405898,0.035891952081095,0.0804765355140081,0.00135189156990464,80
id12_20230302_rump,id12,2,20230302,rump,id1220230302_IMG_0001_rump1,0.0428025144251953,0.031607117269679,0.0221591608603518,0.151503066004054,-0.0150456549870854,398
id12_20230302_rump_peakred,id12,2,20230302,rump_peakred,id1220230302_IMG_0001_rump1,0.0455989545803069,0.0266171181262894,0.0222940310105541,0.263504571703821,-0.013814005342744,80
id12_20230302_rump_peakblue,id12,2,20230302,rump_peakblue,id1220230302_IMG_0001_rump1,0.0401435539389608,0.0287083222445115,0.0265631541703268,0.165761609512,-0.00786278392140934,80
id12_20230302_rump,id12,2,20230302,rump,id1220230302_IMG_0002_rump1,0.041767327127878,0.0322174458638933,0.0276332075084265,0.129836365113777,-0.00935917898745919,400
id12_20230302_rump_peakred,id12,2,20230302,rump_peakred,id1220230302_IMG_0002_rump1,0.0451990959223931,0.0272447747201061,0.0277739202002098,0.248268229337219,-0.0084480151210398,80
id12_20230302_rump_peakblue,id12,2,20230302,rump_peakblue,id1220230302_IMG_0002_rump1,0.0395547962503307,0.0297610154376562,0.0322105258323585,0.14223240210857,-0.00244738001163493,80
id12_20230510_rump,id12,3,20230510,rump,id1220230510_IMG_0001_rump1,0.0425958863035771,0.0310923464353193,0.0249039926995212,0.157092739903852,-0.011940123669927,400
id12_20230510_rump_peakred,id12,3,20230510,rump_peakred,id1220230510_IMG_0001_rump1,0.0457116060853609,0.0262946141986834,0.0244239316835837,0.270433652218323,-0.0115791784584384,80
id12_20230510_rump_peakblue,id12,3,20230510,rump_peakblue,id1220230510_IMG_0001_rump1,0.0402717551382168,0.0291682602234707,0.02961423231723,0.162069833297829,-0.00510577536361377,80
id12_20230510_rump,id12,3,20230510,rump,id1220230510_IMG_0002_rump1,0.0343991927594182,0.0395150970071252,0.0264983507732337,-0.0701339208718547,-0.010458794110038,399
id12_20230510_rump_peakred,id12,3,20230510,rump_peakred,id1220230510_IMG_0002_rump1,0.0389817113180733,0.0362113639792444,0.026796352894679,0.0374396400780449,-0.0108001847539799,80
id12_20230510_rump_peakblue,id12,3,20230510,rump_peakblue,id1220230510_IMG_0002_rump1,0.0315778438604381,0.0368627775612351,0.0311499221115763,-0.0767735371738563,-0.0030703885992603,80
id12_20230718_rump,id12,4,20230718,rump,id1220230718_IMG_0001_rump1,0.0355906308706038,0.038591954988174,0.0228500948207651,-0.0405497275529912,-0.0142411981086238,398
id12_20230718_rump_peakred,id12,4,20230718,rump_peakred,id1220230718_IMG_0001_rump1,0.0394184974181533,0.0346090000661829,0.0229306638182865,0.0651734822108363,-0.0140830849238816,80
id12_20230718_rump_peakblue,id12,4,20230718,rump_peakblue,id1220230718_IMG_0001_rump1,0.0340321849928019,0.0363631728896064,0.0277114092753431,-0.0334435109739196,-0.00748626966586108,80
id12_20230718_rump,id12,4,20230718,rump,id1220230718_IMG_0002_rump1,0.0372111720926315,0.0372797239571964,0.021691702243793,-0.000911238952071465,-0.015553745781121,400
id12_20230718_rump_peakred,id12,4,20230718,rump_peakred,id1220230718_IMG_0002_rump1,0.0406826109905944,0.0330855032428366,0.0214151959921168,0.102725065680312,-0.0154688611245988,80
id12_20230718_rump_peakblue,id12,4,20230718,rump_peakblue,id1220230718_IMG_0002_rump1,0.0346702698742505,0.034831225806543,0.026159474547889,-0.00259402279152894,-0.0085912732925078,80
id12_20230925_rump,id12,5,20230925,rump,id1220230925_IMG_0001_rump1,0.0444489546492452,0.0297039576074134,0.0237068113896206,0.200113423781153,-0.0133696447387087,400
id12_20230925_rump_peakred,id12,5,20230925,rump_peakred,id1220230925_IMG_0001_rump1,0.0470786421620549,0.0249495213558386,0.0237397952828333,0.307820638745979,-0.0122742864761135,80
id12_20230925_rump_peakblue,id12,5,20230925,rump_peakblue,id1220230925_IMG_0001_rump1,0.042322356121407,0.0279169401872687,0.0283022192306817,0.204448461493869,-0.00681742892365615,80
id12_20230925_rump,id12,5,20230925,rump,id1220230925_IMG_0002_rump1,0.0389684937870141,0.034519257067818,0.0217018269021479,0.0605280082589231,-0.0150420485252682,400
id12_20230925_rump_peakred,id12,5,20230925,rump_peakred,id1220230925_IMG_0002_rump1,0.0426633330318596,0.0301753535664101,0.0211744611065677,0.171718471564041,-0.0152448821925672,80
id12_20230925_rump_peakblue,id12,5,20230925,rump_peakblue,id1220230925_IMG_0002_rump1,0.0370842699941376,0.0328744763721997,0.0271139306468257,0.0585458022445055,-0.007865442536343,80
id13_20230115_rump,id13,1,20230115,rump,id1320230115_IMG_0001_rump1,0.0277899416878078,0.0464862335958541,0.0280711451778175,-0.253140466746537,-0.00906694246401342,399
id13_20230115_rump_peakred,id13,1,20230115,rump_peakred,id1320230115_IMG_0001_rump1,0.0321517552810952,0.0430032773475325,0.0275464013602545,-0.144835746396895,-0.0100311149540594,80
id13_20230115_rump_peakblue,id13,1,20230115,rump_peakblue,id1320230115_IMG_0001_rump1,0.0255033055128021,0.0444041892718331,0.0326160899283448,-0.271525976492266,-0.00233765746397278,80
id13_20230115_rump,id13,1,20230115,rump,id1320230115_IMG_0002_rump1,0.0419213966967453,0.0316463364435584,0.0284226213697815,0.14110131645077,-0.00836124520037038,399
id13_20230115_rump_peakred,id13,1,20230115,rump_peakred,id1320230115_IMG_0002_rump1,0.045221180900742,0.0269016776281841,0.028672717545531,0.255479106361442,-0.00738871171893207,80
id13_20230115_rump_peakblue,id13,1,20230115,rump_peakblue,id1320230115_IMG_0002_rump1,0.0399506186423877,0.0291306457573642,0.0333815429990607,0.157822920987864,-0.00115908920081524,80
id13_20230302_rump,id13,2,20230302,rump,id1320230302_IMG_0001_rump1,0.0386846443233875,0.0353318005091092,0.0300910399834809,0.045749190035753,-0.00691718243276746,399
id13_20230302_rump_peakred,id13,2,20230302,rump_peakred,id1320230302_IMG_0001_rump1,0.0423446950961869,0.0312377381485418,0.029678175821832,0.151845871387188,-0.0071130408005324,80
id13_20230302_rump_peakblue,id13,2,20230302,rump_peakblue,id1320230302_IMG_0001_rump1,0.0366443100922237,0.032919772156513,0.0348358737395942,0.0547819172472675,5.3832615225791e-05,80
id13_20230302_rump,id13,2,20230302,rump,id1320230302_IMG_0002_rump1,0.037033414797652,0.0366983329820671,0.0278714138989715,0.00481059362040025,-0.00899445999088801,400
id13_20230302_rump_peakred,id13,2,20230302,rump_peakred,id1320230302_IMG_0002_rump1,0.040378990066656,0.0319345652049916,0.027987983698086,0.116959937959536,-0.0081687939377378,80
id13_20230302_rump_peakblue,id13,2,20230302,rump_peakblue,id1320230302_IMG_0002_rump1,0.034903931569928,0.0344215257307799,0.0326971979137088,0.00812323301166937,-0.00196553073664516,80
id13_20230510_rump,id13,3,20230510,rump,id1320230510_IMG_0001_rump1,0.0403888826377381,0.0334833220840213,0.0264148274246509,0.0936843909026438,-0.0105212749362289,400
id13_20230510_rump_peakred,id13,3,20230510,rump_peakred,id1320230510_IMG_0001_rump1,0.0440582914831588,0.0290829695951373,0.0260457894766368,0.205242218228825,-0.0105248410625113,80
id13_20230510_rump_peakblue,id13,3,20230510,rump_peakblue,id1320230510_IMG_0001_rump1,0.0374465461568283,0.0316044448992196,0.0308249411698373,0.0853685092716744,-0.00370055435818662,80
id13_20230510_rump,id13,3,20230510,rump,id1320230510_IMG_0002_rump1,0.0381988510782607,0.0355795791852803,0.0238613323257589,0.0353436136519606,-0.0130278828060116,400
id13_20230510_rump_peakred,id13,3,20230510,rump_peakred,id1320230510_IMG_0002_rump1,0.041916313673775,0.0316716795541072,0.0242624355735299,0.139302960785585,-0.0125315610404112,80
id13_20230510_rump_peakblue,id13,3,20230510,rump_peakblue,id1320230510_IMG_0002_rump1,0.0362141131764579,0.0330503636282629,0.0277937987213478,0.0463208959011829,-0.00683843968101258,80
id13_20230718_rump,id13,4,20230718,rump,id1320230718_IMG_0001_rump1,0.0428856546328338,0.0307914477335209,0.0228910557460752,0.16495734236319,-0.0139474954371021,400
id13_20230718_rump_peakred,id13,4,20230718,rump_peakred,id1320230718_IMG_0001_rump1,0.0461689673051001,0.0266410308296635,0.0232936260381952,0.26892075761308,-0.0131113730291866,80
id13_20230718_rump_peakblue,id13,4,20230718,rump_peakblue,id1320230718_IMG_0001_rump1,0.0409656280426494,0.0284737109407341,0.0276233191066517,0.180628403005024,-0.00709635038504004,80
id13_20230718_rump,id13,4,20230718,rump,id1320230718_IMG_0002_rump1,0.0385603414329538,0.0356418158191735,0.0301741273089254,0.0392768389488432,-0.00692695131713821,399
id13_20230718_rump_peakred,id13,4,20230718,rump_peakred,id1320230718_IMG_0002_rump1,0.0423291209250147,0.0314169585114028,0.030058477428871,0.148204838988904,-0.00681456228933779,80
id13_20230718_rump_peakblue,id13,4,20230718,rump_peakblue,id1320230718_IMG_0002_rump1,0.0359403625925195,0.0327527139578714,0.0347371475752628,0.0458731975292902,0.000390609300067306,80
id13_20230925_rump,id13,5,20230925,rump,id1320230925_IMG_0001_rump1,0.0477068665791108,0.0263617084286185,0.0237446385542725,0.289984942729578,-0.0132896489495922,399
id13_20230925_rump_peakred,id13,5,20230925,rump_peakred,id1320230925_IMG_0001_rump1,0.0497296372452302,0.0211604360322166,0.0237040293780498,0.403813641529661,-0.0117410072606736,80
id13_20230925_rump_peakblue,id13,5,20230925,rump_peakblue,id1320230925_IMG_0001_rump1,0.0453429858432096,0.0237245276282607,0.028194249915619,0.314735549093988,-0.0063395068201161,80
id13_20230925_rump,id13,5,20230925,rump,id1320230925_IMG_0002_rump1,0.039834182071,0.0343184243429953,0.0284614670531669,0.0751272810039232,-0.00861483615383077,400
id13_20230925_rump_peakred,id13,5,20230925,rump_peakred,id1320230925_IMG_0002_rump1,0.0428503162418636,0.0297466337923873,0.0283394178859379,0.180953573354463,-0.00795905713118754,80
id13_20230925_rump_peakblue,id13,5,20230925,rump_peakblue,id1320230925_IMG_0002_rump1,0.0377749438497263,0.032401684920251,0.0330303933171943,0.0767410467538821,-0.0020579210677943,80
id14_20230115_rump,id14,1,20230115,rump,id1420230115_IMG_0001_rump1,0.0316758675362324,0.0421334162759741,0.0325536247419765,-0.142360030206717,-0.00435101716412677,400
id14_20230115_rump_peakred,id14,1,20230115,rump_peakred,id1420230115_IMG_0001_rump1,0.0361216585739292,0.0379895324841622,0.0316100142102446,-0.0254806748854647,-0.00544558131880107,80
id14_20230115_rump_peakblue,id14,1,20230115,rump_peakblue,id1420230115_IMG_0001_rump1,0.0289516522892138,0.0398313642611174,0.0367530754135168,-0.158317972923327,0.00236156713835123,80
id14_20230115_rump,id14,1,20230115,rump,id1420230115_IMG_0002_rump1,0.0357788160261354,0.0386021539002597,0.0282451933285792,-0.0380541229503651,-0.00894529163461835,400
id14_20230115_rump_peakred,id14,1,20230115,rump_peakred,id1420230115_IMG_0002_rump1,0.0395186441188375,0.0343206358158737,0.0282422979508199,0.0708221034538647,-0.00867734201653572,80
id14_20230115_rump_peakblue,id14,1,20230115,rump_peakblue,id1420230115_IMG_0002_rump1,0.0337485576315545,0.0364795578181806,0.0327046953314849,-0.0397374879580855,-0.00240936239338261,80
id14_20230302_rump,id14,2,20230302,rump,id1420230302_IMG_0001_rump1,0.0348008389388894,0.0391736492421596,0.0183724687843326,-0.0592146482346012,-0.0186147753061918,400
id14_20230302_rump_peakred,id14,2,20230302,rump_peakred,id1420230302_IMG_0001_rump1,0.0388195495653312,0.034981591841045,0.0185269334738353,0.0523973024515298,-0.0183736372293528,80
id14_20230302_rump_peakblue,id14,2,20230302,rump_peakblue,id1420230302_IMG_0001_rump1,0.0338257743676096,0.0371100155029391,0.0233001012674066,-0.0465126478844253,-0.0121677936678678,80
id14_20230302_rump,id14,2,20230302,rump,id1420230302_IMG_0002_rump1,0.0415023924153633,0.0325366245836931,0.0290315991484505,0.122129800218649,-0.00798790935107773,400
id14_20230302_rump_peakred,id14,2,20230302,rump_peakred,id1420230302_IMG_0002_rump1,0.0447487013295387,0.0278122213165691,0.0292288542324174,0.233876471258069,-0.00705160709063652,80
id14_20230302_rump_peakblue,id14,2,20230302,rump_peakblue,id1420230302_IMG_0002_rump1,0.0392663956512887,0.0302168221956055,0.0336062782201782,0.13070302305809,-0.0011353307032689,80
id14_20230510_rump,id14,3,20230510,rump,id1420230510_IMG_0001_rump1,0.0464469359685109,0.0274534730820113,0.0341337977873925,0.258627863296235,-0.00281640673786865,399
id14_20230510_rump_peakred,id14,3,20230510,rump_peakred,id1420230510_IMG_0001_rump1,0.0487570737270606,0.0226170165153623,0.0339598305415875,0.367205821635269,-0.00172721457962397,80
id14_20230510_rump_peakblue,id14,3,20230510,rump_peakblue,id1420230510_IMG_0001_rump1,0.0444527253543106,0.0248468507838534,0.0386429263892199,0.283971643460733,0.00399313832013789,80
id14_20230510_rump,id14,3,20230510,rump,id1420230510_IMG_0002_rump1,0.0447310814907526,0.0291151509771222,0.0304170382187176,0.212323502478594,-0.0065060780152198,400
id14_20230510_rump_peakred,id14,3,20230510,rump_peakred,id1420230510_IMG_0002_rump1,0.0477752405614179,0.0243084965461488,0.0309864235424169,0.325494150547691,-0.0050554450113665,80
id14_20230510_rump_peakblue,id14,3,20230510,rump_peakblue,id1420230510_IMG_0002_rump1,0.0418341243951662,0.027162962837117,0.0346144726644249,0.213873951175442,0.0001159290482833,80
id14_20230718_rump,id14,4,20230718,rump,id1420230718_IMG_0001_rump1,0.0357709993592718,0.0380200060645163,0.022599254584005,-0.0306762147290287,-0.014296248127889,400
id14_20230718_rump_peakred,id14,4,20230718,rump_peakred,id1420230718_IMG_0001_rump1,0.0398485411224609,0.0337114935011664,0.0223725681021774,0.0835110365983164,-0.0144074492096362,80
id14_20230718_rump_peakblue,id14,4,20230718,rump_peakblue,id1420230718_IMG_0001_rump1,0.0334208232664031,0.0358554083638506,0.0275393886601305,-0.0350013376002046,-0.00709872715499634,80
id14_20230718_rump,id14,4,20230718,rump,id1420230718_IMG_0002_rump1,0.0422749456649546,0.0316459613090108,0.0254260515935393,0.145002901782717,-0.0115344018934435,399
id14_20230718_rump_peakred,id14,4,20230718,rump_peakred,id1420230718_IMG_0002_rump1,0.0442696367900036,0.0266309914545813,0.0262265400701874,0.24958486911537,-0.0092237740521051,80
id14_20230718_rump_peakblue,id14,4,20230718,rump_peakblue,id1420230718_IMG_0002_rump1,0.0400205323609861,0.029152722453759,0.0298963336409998,0.159588015183738,-0.00469029376637271,80
id14_20230925_rump,id14,5,20230925,rump,id1420230925_IMG_0001_rump1,0.0486296272824139,0.0251381233934708,0.0239424397948261,0.320367030401928,-0.0129414355431162,400
id14_20230925_rump_peakred,id14,5,20230925,rump_peakred,id1420230925_IMG_0001_rump1,0.0511008412801904,0.0198009669467624,0.0234044841249072,0.442534404624223,-0.0120464199885692,80
id14_20230925_rump_peakblue,id14,5,20230925,rump_peakblue,id1420230925_IMG_0001_rump1,0.0464800095905414,0.0235479779513008,0.0287453859779693,0.329962250954755,-0.00626860779295183,80
id14_20230925_rump,id14,5,20230925,rump,id1420230925_IMG_0002_rump1,0.0454694165397209,0.0282490345566486,0.0261219741461617,0.234854366700836,-0.0107372514020231,400
id14_20230925_rump_peakred,id14,5,20230925,rump_peakred,id1420230925_IMG_0002_rump1,0.0480941339557837,0.0234275883071873,0.0259952814214864,0.345845002825272,-0.00976557970999913,80
id14_20230925_rump_peakblue,id14,5,20230925,rump_peakblue,id1420230925_IMG_0002_rump1,0.043319707700997,0.0267662559888776,0.0311118887154757,0.237553488322566,-0.00393109312946155,80
id15_20230115_rump,id15,1,20230115,rump,id1520230115_IMG_0001_rump1,0.0349279927989407,0.0390861214353841,0.0203416311737317,-0.0567098392916137,-0.0166654259434307,399
id15_20230115_rump_peakred,id15,1,20230115,rump_peakred,id1520230115_IMG_0001_rump1,0.0392573462910331,0.0351483480837214,0.0203128272612744,0.0561137537260297,-0.0168900199261029,80
id15_20230115_rump_peakblue,id15,1,20230115,rump_peakblue,id1520230115_IMG_0001_rump1,0.0320920664839085,0.0372915297526352,0.0246502121400239,-0.0750282485246272,-0.0100415859782479,80
id15_20230115_rump,id15,1,20230115,rump,id1520230115_IMG_0002_rump1,0.035093580991972,0.039021837858776,0.0283107229445629,-0.0525844605845877,-0.00874698648081106,399
id15_20230115_rump_peakred,id15,1,20230115,rump_peakred,id1520230115_IMG_0002_rump1,0.0389043169703598,0.0343518120543965,0.0285035286897469,0.0626444023527843,-0.00812453582263124,80
id15_20230115_rump_peakblue,id15,1,20230115,rump_peakblue,id1520230115_IMG_0002_rump1,0.0331035668561375,0.0363195016739335,0.032896813479904,-0.0463532915767136,-0.00181472078513144,80
id15_20230302_rump,id15,2,20230302,rump,id1520230302_IMG_0001_rump1,0.0376567226059569,0.0365630008479388,0.0300413325833407,0.0143970124045728,-0.00706852914360721,399
id15_20230302_rump_peakred,id15,2,20230302,rump_peakred,id1520230302_IMG_0001_rump1,0.0417772572110126,0.0326202838480545,0.0299768820938081,0.123364152714518,-0.00722188843572544,80
id15_20230302_rump_peakblue,id15,2,20230302,rump_peakblue,id1520230302_IMG_0001_rump1,0.0351971883566535,0.0343486344800554,0.034486434545231,0.0118838534323622,-0.000286476873123506,80
id15_20230302_rump,id15,2,20230302,rump,id1520230302_IMG_0002_rump1,0.0401652181541775,0.0340954311859572,0.0238036652403696,0.0823296908207149,-0.0133266594296978,400
id15_20230302_rump_peakred,id15,2,20230302,rump_peakred,id1520230302_IMG_0002_rump1,0.0435426557245333,0.029456923202052,0.0238191595501874,0.193285493461765,-0.0126806299131052,80
id15_20230302_rump_peakblue,id15,2,20230302,rump_peakblue,id1520230302_IMG_0002_rump1,0.0377387195366762,0.0317461035254285,0.02801470473366,0.0865518071490812,-0.00672770679739234,80
id15_20230510_rump,id15,3,20230510,rump,id1520230510_IMG_0001_rump1,0.0462124784113549,0.0283657242373224,0.0228177630571254,0.240361727471741,-0.0144713382672132,399
id15_20230510_rump_peakred,id15,3,20230510,rump_peakred,id1520230510_IMG_0001_rump1,0.0489002467451409,0.0234372981667838,0.0238370014152593,0.352215152313382,-0.0123317710407031,80
id15_20230510_rump_peakblue,id15,3,20230510,rump_peakblue,id1520230510_IMG_0001_rump1,0.043833645677069,0.0262651532907362,0.0271822450843419,0.251133972705896,-0.00786715439956068,80
id15_20230510_rump,id15,3,20230510,rump,id1520230510_IMG_0002_rump1,0.0419447022468296,0.0319987126782506,0.0249449378907095,0.134872311994153,-0.0120267695718306,400
id15_20230510_rump_peakred,id15,3,20230510,rump_peakred,id1520230510_IMG_0002_rump1,0.0455600463557995,0.0280615691844659,0.0245333140467572,0.23791508390443,-0.0122774937233755,80
id15_20230510_rump_peakblue,id15,3,20230510,rump_peakblue,id1520230510_IMG_0002_rump1,0.0390352806908321,0.0295600149639984,0.0295652894971617,0.138047317917084,-0.00473235833025352,80
id15_20230718_rump,id15,4,20230718,rump,id1520230718_IMG_0001_rump1,0.0341583289784963,0.0396515767371474,0.0314528994876677,-0.0747109192280598,-0.00545205337015417,400
id15_20230718_rump_peakred,id15,4,20230718,rump_peakred,id1520230718_IMG_0001_rump1,0.0376733672808836,0.035594416753684,0.0316642969822552,0.0286588850488118,-0.00496959503502855,80
id15_20230718_rump_peakblue,id15,4,20230718,rump_peakblue,id1520230718_IMG_0001_rump1,0.0312719845704319,0.0375375974052051,0.0354941251614586,-0.0912205133673775,0.00108933417364014,80
id15_20230718_rump,id15,4,20230718,rump,id1520230718_IMG_0002_rump1,0.0412610420662266,0.0322454308107615,0.0247908700815279,0.123640387799194,-0.0119623663569661,399
id15_20230718_rump_peakred,id15,4,20230718,rump_peakred,id1520230718_IMG_0002_rump1,0.0446826910625443,0.0270953013089561,0.0246473407240666,0.245935188002619,-0.0112416554616836,80
id15_20230718_rump_peakblue,id15,4,20230718,rump_peakblue,id1520230718_IMG_0002_rump1,0.0397273795757296,0.0288698399900422,0.0287973798624509,0.159451284417876,-0.00550122992043496,80
id15_20230925_rump,id15,5,20230925,rump,id1520230925_IMG_0001_rump1,0.0464669383681527,0.0277003925663767,0.0284857105412585,0.254957224272626,-0.00859795492600623,400
id15_20230925_rump_peakred,id15,5,20230925,rump_peakred,id1520230925_IMG_0001_rump1,0.0485082442287534,0.0223043976901619,0.0288012061696969,0.370673315360258,-0.00660511478976072,80
id15_20230925_rump_peakblue,id15,5,20230925,rump_peakblue,id1520230925_IMG_0001_rump1,0.0445100876136647,0.0252783446135903,0.0330843622234767,0.277380307874438,-0.00180985389015082,80
id15_20230925_rump,id15,5,20230925,rump,id1520230925_IMG_0002_rump1,0.0431194879142685,0.0309099335053416,0.0237856680605243,0.166330679999244,-0.0132290426492807,399
id15_20230925_rump_peakred,id15,5,20230925,rump_peakred,id1520230925_IMG_0002_rump1,0.0460149320950193,0.0263219641432942,0.0243294278234459,0.273006418495478,-0.0118390202957109,80
id15_20230925_rump_peakblue,id15,5,20230925,rump_peakblue,id1520230925_IMG_0002_rump1,0.0414309058232536,0.0286748057937032,0.0287624454408005,0.183918464116329,-0.00629041036767789,80
